{
  "description": "User-traced leg reference data. Used to determine leg boundary points for coloring the route.",
  "leg1": {
    "label": "Mile 1",
    "startCoord": [39.186959, -84.199238],
    "endCoord": [39.185934, -84.203706],
    "endDescription": "Lake south edge",
    "routeIndex": { "start": 0, "end": 59 },
    "tracedCoordinates": [
      [39.186959, -84.199238],
      [39.186891, -84.197552],
      [39.186894, -84.197497],
      [39.186907, -84.197435],
      [39.186930, -84.197400],
      [39.186956, -84.197376],
      [39.186981, -84.197367],
      [39.188976, -84.197148],
      [39.188995, -84.197137],
      [39.189022, -84.197174],
      [39.189052, -84.197212],
      [39.189070, -84.197241],
      [39.189092, -84.197267],
      [39.189097, -84.197373],
      [39.189097, -84.197495],
      [39.189125, -84.197855],
      [39.189143, -84.198173],
      [39.189157, -84.198488],
      [39.189164, -84.198791],
      [39.189178, -84.199051],
      [39.189184, -84.199173],
      [39.189181, -84.199229],
      [39.189174, -84.199284],
      [39.189172, -84.199307],
      [39.189205, -84.199335],
      [39.189241, -84.199356],
      [39.189275, -84.199412],
      [39.189286, -84.199496],
      [39.189295, -84.199891],
      [39.189308, -84.200479],
      [39.189483, -84.204412],
      [39.189465, -84.204515],
      [39.189446, -84.204570],
      [39.189290, -84.204574],
      [39.189382, -84.204926],
      [39.189396, -84.205125],
      [39.189379, -84.205270],
      [39.189330, -84.205336],
      [39.189220, -84.205421],
      [39.188364, -84.205561],
      [39.188236, -84.205564],
      [39.188176, -84.205513],
      [39.188121, -84.205399],
      [39.188113, -84.205126],
      [39.188077, -84.205002],
      [39.187997, -84.204916],
      [39.187590, -84.204782],
      [39.187110, -84.204684],
      [39.186852, -84.204599],
      [39.186433, -84.204399],
      [39.186360, -84.204399],
      [39.186075, -84.204457],
      [39.185996, -84.204446],
      [39.185957, -84.204377],
      [39.185955, -84.204253],
      [39.185934, -84.203706]
    ]
  },
  "leg2": {
    "label": "Mile 2",
    "startCoord": [39.185905, -84.203709],
    "endCoord": [39.189172, -84.205431],
    "endDescription": "Lake west side top (pass 2)",
    "routeIndex": { "start": 60, "end": 108 },
    "tracedCoordinates": [
      [39.185905, -84.203709],
      [39.185760, -84.201310],
      [39.185724, -84.200599],
      [39.185638, -84.199746],
      [39.185620, -84.199470],
      [39.185599, -84.199007],
      [39.185590, -84.198908],
      [39.185541, -84.197906],
      [39.185605, -84.197709],
      [39.185703, -84.197587],
      [39.185912, -84.197490],
      [39.188423, -84.197194],
      [39.188992, -84.197136],
      [39.189092, -84.197269],
      [39.189106, -84.197607],
      [39.189124, -84.197859],
      [39.189145, -84.198200],
      [39.189171, -84.198886],
      [39.189186, -84.199174],
      [39.189183, -84.199229],
      [39.189172, -84.199305],
      [39.189244, -84.199357],
      [39.189274, -84.199413],
      [39.189288, -84.199496],
      [39.189301, -84.200494],
      [39.189423, -84.203139],
      [39.189424, -84.203139],
      [39.189483, -84.204409],
      [39.189466, -84.204513],
      [39.189441, -84.204568],
      [39.189284, -84.204570],
      [39.189383, -84.204925],
      [39.189396, -84.205128],
      [39.189377, -84.205267],
      [39.189332, -84.205334],
      [39.189218, -84.205423],
      [39.189172, -84.205431]
    ]
  },
  "leg3": {
    "label": "Mile 3",
    "startCoord": [39.189167, -84.205431],
    "endCoord": [39.188671, -84.199435],
    "endDescription": "Mid service road",
    "routeIndex": { "start": 109, "end": 139 },
    "tracedCoordinates": [
      [39.189167, -84.205431],
      [39.188369, -84.205558],
      [39.188235, -84.205564],
      [39.188177, -84.205514],
      [39.188121, -84.205397],
      [39.188113, -84.205126],
      [39.188076, -84.205002],
      [39.187998, -84.204914],
      [39.187581, -84.204779],
      [39.187115, -84.204684],
      [39.186850, -84.204599],
      [39.186434, -84.204401],
      [39.186360, -84.204401],
      [39.186079, -84.204457],
      [39.185997, -84.204448],
      [39.185932, -84.204291],
      [39.185720, -84.200571],
      [39.185636, -84.199739],
      [39.185541, -84.197910],
      [39.185601, -84.197707],
      [39.185703, -84.197591],
      [39.185908, -84.197491],
      [39.187577, -84.197288],
      [39.188911, -84.197137],
      [39.189000, -84.197147],
      [39.189094, -84.197267],
      [39.189105, -84.197638],
      [39.189136, -84.197969],
      [39.189185, -84.199211],
      [39.189171, -84.199306],
      [39.189138, -84.199385],
      [39.188671, -84.199435]
    ]
  },
  "leg4": {
    "label": "Finish",
    "startCoord": [39.188670, -84.199433],
    "endCoord": [39.186967, -84.199409],
    "endDescription": "Finish line",
    "routeIndex": { "start": 140, "end": 143 },
    "tracedCoordinates": [
      [39.188670, -84.199433],
      [39.187030, -84.199602],
      [39.186991, -84.199584],
      [39.186974, -84.199538],
      [39.186967, -84.199409]
    ]
  }
}
